{
  "title": "Historia dos dreads",
  "date": "2022-09-18T21:35:21.440Z",
  "thumbnail": "/img/uploads/img_20220918_183357.jpg",
  "description": "\nPara alguns ele é símbolo de resistência, enquanto outros adotaram o estilo pensando no poder estético. De um lado ou de outro uma coisa é fato, o que não falta é história por trás das madeixas entrelaçadas em forma cilíndricas. Representado na cultura popular por Bob Marley e os seguidores do movimento Rastafari, os dreads possuem ligação direta com a África e a luta do negro em busca da afirmação de sua cultura.\n\n \n\n \n\nAo contrário do que pode se pensar os dreadlocks não surgiram na Jamaica. Registros dão conta de que os cabelos são usados tanto na África quanto na Índia desde a antiguidade Bíblica e pré-Bíblica. No continente africano, ele é encontrado em algumas comunidades tradicionais, como os Himba, na Namíbia. Os Himba afirmam terem adotado o cultivo dos dreads desde o surgimento de sua cultura. Com uma população estimada em 50 mil pessoas, eles vivem no Norte da Namíbia e em Angola, e se destacam por cultivar uma cultura única em meio ao turbilhão chamado ocidentalização.\n\n \n\n \n\nOs dreads representam o estado civil das mulheres da comunidade e o desenho estético também se aplica aos homens. Quando solteira, as moças andam com o cabelo virado para frente, cobrindo quase que o rosto inteiro. Assim que se casam, ganham um adorno de couro e os dreads são jogados pra trás, sempre com a coloração rubra presente. Esta cor é obtida com o uso de um creme chamado por elas de otjize, feito com manteiga, ocre esfarelado e argila de tom avermelhado.",
  "body": "![PWA](/img/uploads/pwa-reliable.png)\n\nProgressive Web App (PWA) é uma criação da da Google que permite a criação de aplicações que são um meio termo entre uma página web e um aplicativo nativo. Nosso Storefront padrão é um PWA!\n\nCom o grande aumento de tráfego mobile no e-commerce um PWA commerce traz enormes vantagens. Veja abaixo as principais vantagens e com alguns exemplos de sucesso com estudos de caso feitos pelo Google\n\n**Digno de estar na tela inicial**\n\nQuando os critérios do Progressive Web App são atendidos, o Chrome solicita que os usuários adicionem o PWA à tela inicial. Com isso a loja se transforma em uma aplicação nativa sem a necessidade de download através de uma app store. Isso pode não funcionar perfeitamente em IOS que tem 13,57% do market share mobile brasileiro, sendo quase todo o resto dominado pelo Android.\n\n**Maior engajamento**\n\nO PWA da [eXtra Electronics](https://developers.google.com/web/showcase/2016/extra) aumentou o re-engajamento em 4X, esses usuários gastam o dobro do tempo no site.\n Com a [OLX ](https://developers.google.com/web/showcase/2017/olx) o aumento do o re-engajamento foi de 250%.\n\n**Aumento na taxa de conversão**\n\nA capacidade de fornecer de um PWA melhorar a experiência ao usuário, ajudou o [AliExpress](https://developers.google.com/web/showcase/2016/aliexpress) a aumentar a taxa de conversão de novos usuários em 104%.",
  "meta_title": "PWA - My Shop",
  "meta_description": "Esta loja é um JAMstack PWA"
}