{
  "marketing_stripe": {
    "text": "Pra agendar sua manutenção ou seus primeiros dreads AQUI",
    "link": "https://wa.me/message/Y5J7M2ZOQCB4O1",
    "background": "#fa1100",
    "color": "#000001"
  },
  "contacts_stripe": {
    "pages": [
      {
        "title": "  seja bem vindo a Rei Dreads!!!   Aqui na rei dreads fazemos dreads de agulha e removível, Também temos um ótimo espaço pra aluguel de narguilé  uma diversidade de artigos de fumo como bong, papper, dichavador, bandejas, e muito mais. Temos um bar com diversas bebidas alcoólicas e não alcoólica.  Nosso trajeto até aqui como foi.  Começamos com nossa atividade em 2017, com atelie fazendo dreads de agulha e manutenção. Em 2018 veio a tabacaria na rei dreads, atendendo em festivais de musica eletrônica ai em 2019 exatamente em agosto demos entrada formalmente  no cnpj da loja e inauguramos em outubro, estamos muito feliz em passar por esses anos e dando o melhor de nós pra atender você da melhor forma e conforto...",
        "link": "/pages/sobre-nos"
      },
      {
        "title": "Esta loja é um PWA",
        "link": "/posts/esta-loja-e-um-pwa"
      }
    ],
    "phone_wpp": true,
    "socials": true
  },
  "categories_list": {
    "featured": [],
    "random": 6,
    "full_width": true
  },
  "desktop_megamenu": false,
  "search_input": true,
  "alphabetical_order_submenu": true,
  "full_width_submenu": true
}