{
  "meta_title": "",
  "meta_description": "",
  "sections": [
    {
      "type": "banner-slider",
      "autoplay": 9000,
      "full_width": true,
      "slides": [
        {
          "start": "",
          "end": "",
          "img": "/img/uploads/png_20220918_160053_0000.png",
          "alt": "Banner sample two",
          "mobile_img": "/img/uploads/1625057551587_logo.png",
          "link": "https://wa.me/message/Y5J7M2ZOQCB4O1"
        },
        {
          "img": "/img/uploads/1625057551587_logo.png",
          "link": "https://wa.me/message/Y5J7M2ZOQCB4O1",
          "alt": "Headset banner",
          "start": "2020-04-11T05:54:06.750Z",
          "end": "2020-12-31T03:00:00.000Z",
          "mobile_img": "/img/uploads/png_20220918_160053_0000.png"
        }
      ]
    },
    {
      "type": "info-bar",
      "enabled": true
    },
    {
      "page": 1,
      "title": "Agendar seus dreads ou sua manutenção aperte aqui ",
      "shuffle": true,
      "headless": false,
      "type": "collection-shelf",
      "link": "https://wa.me/message/Y5J7M2ZOQCB4O1",
      "limit": 12,
      "collection_id": "61d785d10c7c727225f72a87:categories:Dreads:/dreads",
      "sort": "sales"
    },
    {
      "type": "page-title",
      "title": "Rei Dreads tabacaria e ateliê ",
      "description": "Nosso horário de entrega é das 10h até 22h, pedido fora do horário vai ser entregue no dia seguinte na primeira entrega "
    }
  ]
}